state_name,gccsa_name,sa4_code,sa4_name,natural_increase_2024_25,net_internal_migration_2024_25,net_overseas_migration_2024_25,population_2024,population_2025,region_type,population_change_2024_25,population_growth_rate_2024_25,overseas_migration_rate_2024_25,overseas_migration_share_2024_25
New South Wales,Rest of NSW,101,Capital Region,390,789,942,246255,248376,Regional,2121,0.8613023085825668,0.3825303039532192,0.44413012729844414
New South Wales,Greater Sydney,102,Central Coast,401,238,1823,355354,357816,Capital city,2462,0.6928302481469183,0.5130095622956263,0.7404549147034931
New South Wales,Rest of NSW,103,Central West,474,-437,604,216338,216979,Regional,641,0.29629561149682443,0.2791927446865553,0.9422776911076443
New South Wales,Rest of NSW,104,Coffs Harbour - Grafton,-41,729,586,151057,152331,Regional,1274,0.8433902434180475,0.38793303190186484,0.4599686028257457
New South Wales,Rest of NSW,105,Far West and Orana,498,-810,364,118320,118372,Regional,52,0.04394861392832995,0.3076402974983097,7
New South Wales,Rest of NSW,106,Hunter Valley exc Newcastle,1278,3327,821,310824,316250,Regional,5426,1.7456824440841119,0.2641366175070136,0.1513085145595282
New South Wales,Rest of NSW,107,Illawarra,904,783,1983,326799,330469,Regional,3670,1.1230144523086056,0.606795002432688,0.5403269754768393
New South Wales,Rest of NSW,108,Mid North Coast,-865,2727,540,237164,239566,Regional,2402,1.0128012683206558,0.22769054325277024,0.2248126561199001
New South Wales,Rest of NSW,109,Murray,224,829,419,128606,130078,Regional,1472,1.1445811237422827,0.32580128454348944,0.28464673913043476
New South Wales,Rest of NSW,110,New England and North West,449,-608,725,190835,191401,Regional,566,0.2965912961458852,0.379909345769906,1.2809187279151943
New South Wales,Rest of NSW,111,Newcastle and Lake Macquarie,702,1459,2344,407854,412359,Regional,4505,1.1045619265717634,0.5747154619054857,0.5203107658157603
New South Wales,Rest of NSW,112,Richmond - Tweed,66,676,1181,263901,265824,Regional,1923,0.7286823467891368,0.4475163034622832,0.6141445657826313
New South Wales,Rest of NSW,113,Riverina,702,-1354,754,166302,166404,Regional,102,0.06133419922791066,0.45339202174357496,7.392156862745098
New South Wales,Rest of NSW,114,Southern Highlands and Shoalhaven,-314,844,560,164195,165285,Regional,1090,0.6638448186607387,0.3410578884862511,0.5137614678899083
New South Wales,Greater Sydney,115,Sydney - Baulkham Hills and Hawkesbury,1024,3871,2505,288267,295667,Capital city,7400,2.567064561673726,0.8689860441882006,0.3385135135135135
New South Wales,Greater Sydney,116,Sydney - Blacktown,4065,160,5063,443086,452374,Capital city,9288,2.096207056869321,1.1426675634075552,0.5451119724375538
New South Wales,Greater Sydney,117,Sydney - City and Inner South,1606,-5111,9366,363813,369674,Capital city,5861,1.6109924604123547,2.5743994854499426,1.5980208155604845
New South Wales,Greater Sydney,118,Sydney - Eastern Suburbs,1226,-5225,6261,278187,280449,Capital city,2262,0.8131221085097435,2.250644350742486,2.7679045092838197
New South Wales,Greater Sydney,119,Sydney - Inner South West,3609,-7720,11692,634576,642157,Capital city,7581,1.1946559592546835,1.8424901036282495,1.542276744492811
New South Wales,Greater Sydney,120,Sydney - Inner West,1348,-3542,5750,320741,324297,Capital city,3556,1.108682706607512,1.7927237241263199,1.6169853768278966
New South Wales,Greater Sydney,121,Sydney - North Sydney and Hornsby,1148,-4810,6453,444521,447312,Capital city,2791,0.6278668499350987,1.4516749489900365,2.3120745252597636
New South Wales,Greater Sydney,122,Sydney - Northern Beaches,692,-2600,3324,271240,272656,Capital city,1416,0.5220468957380917,1.2254829671139948,2.347457627118644
New South Wales,Greater Sydney,123,Sydney - Outer South West,2602,536,2061,318559,323758,Capital city,5199,1.632036765559912,0.6469759134100748,0.39642238892094633
New South Wales,Greater Sydney,124,Sydney - Outer West and Blue Mountains,2082,-203,1926,346844,350649,Capital city,3805,1.0970349782611202,0.5552928694167983,0.5061760840998686
New South Wales,Greater Sydney,125,Sydney - Parramatta,4545,-8396,11575,527816,535540,Capital city,7724,1.4633887566879367,2.192999075435379,1.498575867426204
New South Wales,Greater Sydney,126,Sydney - Ryde,883,-1800,3745,215778,218606,Capital city,2828,1.3106062712602768,1.7355800869412081,1.3242574257425743
New South Wales,Greater Sydney,127,Sydney - South West,4095,1188,5254,517164,527701,Capital city,10537,2.0374581370706393,1.0159253157605712,0.498623896744804
New South Wales,Greater Sydney,128,Sydney - Sutherland,783,132,1605,237654,240174,Capital city,2520,1.0603650685450277,0.6753515615137974,0.6369047619047619
Victoria,Rest of Vic.,201,Ballarat,481,1456,592,181756,184285,Regional,2529,1.391425867646735,0.3257113932965074,0.23408461842625544
Victoria,Rest of Vic.,202,Bendigo,354,764,538,172113,173769,Regional,1656,0.9621585818619163,0.3125853363778448,0.3248792270531401
Victoria,Rest of Vic.,203,Geelong,1807,3662,1721,348800,355990,Regional,7190,2.061353211009174,0.49340596330275227,0.23936022253129347
Victoria,Rest of Vic.,204,Hume,321,712,599,188133,189765,Regional,1632,0.867471416497903,0.3183917760307867,0.36703431372549017
Victoria,Rest of Vic.,205,Latrobe - Gippsland,400,2295,761,310277,313733,Regional,3456,1.1138434366711036,0.24526471507717298,0.22019675925925927
Victoria,Greater Melbourne,206,Melbourne - Inner,2891,-5978,18542,698038,713493,Capital city,15455,2.2140628447161905,2.656302378953581,1.1997411840828212
Victoria,Greater Melbourne,207,Melbourne - Inner East,127,-3134,7806,400213,405012,Capital city,4799,1.1991114731405528,1.9504613793155146,1.6265888726818087
Victoria,Greater Melbourne,208,Melbourne - Inner South,1020,-1263,6385,448196,454338,Capital city,6142,1.3703826004694375,1.4245999518067989,1.0395636600455878
Victoria,Greater Melbourne,209,Melbourne - North East,3848,2317,7313,583127,596605,Capital city,13478,2.3113318368039892,1.2541007362032628,0.5425879210565365
Victoria,Greater Melbourne,210,Melbourne - North West,4341,982,5620,462173,473116,Capital city,10943,2.3677281018146883,1.2159948763774604,0.5135703189253404
Victoria,Greater Melbourne,211,Melbourne - Outer East,1861,-2888,4644,532751,536368,Capital city,3617,0.6789288053893845,0.8717017893912916,1.2839369643350844
Victoria,Greater Melbourne,212,Melbourne - South East,7177,-3418,15771,939242,958772,Capital city,19530,2.0793363158802527,1.6791199712108276,0.8075268817204301
Victoria,Greater Melbourne,213,Melbourne - West,10675,4685,13268,951672,980300,Capital city,28628,3.0081792886624803,1.3941778259736548,0.46346234455777563
Victoria,Greater Melbourne,214,Mornington Peninsula,476,143,1819,315148,317586,Capital city,2438,0.773604782514882,0.577189130186452,0.7461033634126333
Victoria,Rest of Vic.,215,North West,325,-642,670,153409,153762,Regional,353,0.23010384006153486,0.436740999550222,1.8980169971671388
Victoria,Rest of Vic.,216,Shepparton,284,-326,654,138033,138645,Regional,612,0.44337223707374324,0.4737997435395883,1.0686274509803921
Victoria,Rest of Vic.,217,Warrnambool and South West,128,-144,456,127880,128320,Regional,440,0.3440725680325305,0.35658429777916795,1.0363636363636364
Queensland,Greater Brisbane,301,Brisbane - East,466,1449,1923,254672,258510,Capital city,3838,1.5070365018533645,0.7550888986618081,0.5010422094841063
Queensland,Greater Brisbane,302,Brisbane - North,848,34,2827,240328,244037,Capital city,3709,1.5433074797776372,1.176309044306115,0.7622000539228903
Queensland,Greater Brisbane,303,Brisbane - South,1800,-3119,8302,405453,412436,Capital city,6983,1.7222711387016496,2.0475862800373905,1.1888872977230416
Queensland,Greater Brisbane,304,Brisbane - West,265,-955,2865,202268,204443,Capital city,2175,1.075306029624063,1.4164375976427315,1.3172413793103448
Queensland,Greater Brisbane,305,Brisbane Inner City,1125,-2339,7680,329105,335571,Capital city,6466,1.9647225049756158,2.3336017380471277,1.1877513145685121
Queensland,Rest of Qld,306,Cairns,601,-383,2502,268688,271408,Regional,2720,1.0123265646400286,0.9311915679152029,0.9198529411764705
Queensland,Rest of Qld,307,Darling Downs - Maranoa,298,202,321,133348,134169,Regional,821,0.6156822749497556,0.24072352041275458,0.3909866017052375
Queensland,Rest of Qld,308,Central Queensland,1086,894,923,241317,244220,Regional,2903,1.2029819697741975,0.3824844499144279,0.31794695142955565
Queensland,Rest of Qld,309,Gold Coast,2328,803,9084,695870,708085,Regional,12215,1.755356603963384,1.305416241539368,0.7436758084322554
Queensland,Greater Brisbane,310,Ipswich,3224,5150,3103,407893,419370,Capital city,11477,2.8137281100680815,0.7607387231455308,0.27036682059771716
Queensland,Greater Brisbane,311,Logan - Beaudesert,3524,5616,3361,407656,420157,Capital city,12501,3.0665561159408914,0.8244696508821163,0.26885849132069434
Queensland,Rest of Qld,312,Mackay - Isaac - Whitsunday,940,-75,1011,191937,193813,Regional,1876,0.9774040440352825,0.5267353350318073,0.5389125799573561
Queensland,Greater Brisbane,313,Moreton Bay - North,400,5673,1979,291989,300041,Capital city,8052,2.757638130203535,0.6777652582802777,0.24577744659711873
Queensland,Greater Brisbane,314,Moreton Bay - South,1560,-432,1894,235937,238959,Capital city,3022,1.2808503965041516,0.8027566680936012,0.6267372600926538
Queensland,Rest of Qld,315,Queensland - Outback,896,-883,318,82232,82563,Regional,331,0.4025197003599572,0.38671076953010997,0.9607250755287009
Queensland,Rest of Qld,316,Sunshine Coast,413,4295,3487,433313,441508,Regional,8195,1.8912425890753335,0.8047300681031957,0.425503355704698
Queensland,Rest of Qld,317,Toowoomba,699,364,1277,173367,175707,Regional,2340,1.3497378393811972,0.7365877012349524,0.5457264957264957
Queensland,Rest of Qld,318,Townsville,918,255,1376,246548,249097,Regional,2549,1.0338757564449925,0.5581063322355079,0.539819537073362
Queensland,Rest of Qld,319,Wide Bay,-785,5046,1440,329969,335670,Regional,5701,1.7277380602420227,0.4364046319502741,0.25258726539203646
South Australia,Greater Adelaide,401,Adelaide - Central and Hills,304,-785,5446,333985,338950,Capital city,4965,1.4865937092983217,1.6306121532404148,1.0968781470292044
South Australia,Greater Adelaide,402,Adelaide - North,2258,12,4729,485186,492185,Capital city,6999,1.4425395621473003,0.9746777524495761,0.6756679525646521
South Australia,Greater Adelaide,403,Adelaide - South,344,-396,3870,392946,396764,Capital city,3818,0.971634779333547,0.9848681498221129,1.0136196961760084
South Australia,Greater Adelaide,404,Adelaide - West,342,-1256,3779,260251,263116,Capital city,2865,1.1008603233032725,1.4520597423256778,1.3190226876090752
South Australia,Rest of SA,405,Barossa - Yorke - Mid North,-300,749,213,119989,120651,Regional,662,0.5517172407470685,0.17751627232496311,0.3217522658610272
South Australia,Rest of SA,406,South Australia - Outback,178,-545,244,86048,85925,Regional,-123,-0.14294347341018968,0.2835626626998884,-1.983739837398374
South Australia,Rest of SA,407,South Australia - South East,-399,926,788,203759,205074,Regional,1315,0.6453702658532875,0.38673138364440346,0.5992395437262358
Western Australia,Rest of WA,501,Bunbury,484,2181,1282,207015,210962,Regional,3947,1.9066251237833005,0.6192787962224959,0.3248036483405118
Western Australia,Greater Perth,502,Mandurah,117,3127,1035,123223,127502,Capital city,4279,3.47256599823085,0.8399405955057091,0.24187894367842955
Western Australia,Greater Perth,503,Perth - Inner,313,-1348,4957,208468,212390,Capital city,3922,1.8813438993034903,2.377822975228812,1.2638959714431413
Western Australia,Greater Perth,504,Perth - North East,2333,3421,3873,315017,324644,Capital city,9627,3.0560255478275775,1.229457457851481,0.4023060143346837
Western Australia,Greater Perth,505,Perth - North West,3656,127,9758,643551,657092,Capital city,13541,2.1041067452307587,1.5162745454517201,0.7206262462151983
Western Australia,Greater Perth,506,Perth - South East,3577,-2328,11089,599410,611748,Capital city,12338,2.0583573847616825,1.8499858193890657,0.898768033716972
Western Australia,Greater Perth,507,Perth - South West,2592,5212,6577,505008,519389,Capital city,14381,2.847677660551912,1.3023556062478217,0.45733954523329395
Western Australia,Rest of WA,509,Western Australia - Wheat Belt,156,1206,679,147576,149617,Regional,2041,1.3830162085976039,0.46010191359028574,0.33268005879470847
Western Australia,Rest of WA,510,Western Australia - Outback (North),1117,-743,971,101387,102732,Regional,1345,1.3266000572065453,0.9577164725260635,0.7219330855018588
Western Australia,Rest of WA,511,Western Australia - Outback (South),545,-567,836,127492,128306,Regional,814,0.6384714335017099,0.6557274181909453,1.027027027027027
Tasmania,Greater Hobart,601,Hobart,587,-1878,1833,254708,255250,Capital city,542,0.2127926880977433,0.7196475964634013,3.3819188191881917
Tasmania,Rest of Tas.,602,Launceston and North East,-49,-338,745,156035,156393,Regional,358,0.22943570352805462,0.47745698080558846,2.0810055865921786
Tasmania,Rest of Tas.,603,South East,19,192,123,44193,44527,Regional,334,0.7557758015975381,0.27832462154639875,0.36826347305389223
Tasmania,Rest of Tas.,604,West and North West,-207,147,322,119829,120091,Regional,262,0.2186449023191381,0.2687162539952766,1.2290076335877862
Northern Territory,Greater Darwin,701,Darwin,1302,-1430,2847,156565,159284,Capital city,2719,1.7366588956663365,1.8184140772203237,1.0470761309304892
Northern Territory,Rest of NT,702,Northern Territory - Outback,722,-675,906,104319,105272,Regional,953,0.9135440332058398,0.868489920340494,0.950682056663169
Australian Capital Territory,Australian Capital Territory,801,Australian Capital Territory,2882,-1501,4819,478430,484630,Capital city,6200,1.2959053571055326,1.0072528896599293,0.777258064516129
Other Territories,Other Territories,901,Other Territories,-15,0,33,4995,5013,Capital city,18,0.36036036036036034,0.6606606606606606,1.8333333333333333
